{
	"id": "991b226e-fd8c-4468-a9ab-60eac8247c90",
	"name": "hoobs.local",
	"values": [
		{
			"key": "port",
			"value": "80",
			"enabled": true
		},
		{
			"key": "username",
			"value": "",
			"enabled": true
		},
		{
			"key": "password",
			"value": "",
			"enabled": true
		},
		{
			"key": "domain",
			"value": "hoobs.local",
			"enabled": true
		},
		{
			"key": "token",
			"value": "",
			"enabled": true
		}
	],
	"_postman_variable_scope": "environment",
	"_postman_exported_at": "2019-10-16T21:03:22.622Z",
	"_postman_exported_using": "Postman/7.9.0"
}