{
	"info": {
		"_postman_id": "e8298a5e-839c-4d16-a4fc-46345b59b18f",
		"name": "Accessories",
		"schema": "https://schema.getpostman.com/json/collection/v2.1.0/collection.json"
	},
	"item": [
		{
			"name": "Get Accessories",
			"request": {
				"method": "GET",
				"header": [
					{
						"key": "Authorization",
						"value": "{{token}}",
						"type": "text"
					}
				],
				"url": {
					"raw": "http://{{domain}}:{{port}}/api/accessories",
					"protocol": "http",
					"host": [
						"{{domain}}"
					],
					"port": "{{port}}",
					"path": [
						"api",
						"accessories"
					]
				}
			},
			"response": []
		},
		{
			"name": "List Accessories",
			"request": {
				"method": "GET",
				"header": [
					{
						"key": "Authorization",
						"value": "{{token}}",
						"type": "text"
					}
				],
				"url": {
					"raw": "http://{{domain}}:{{port}}/api/accessories/list",
					"protocol": "http",
					"host": [
						"{{domain}}"
					],
					"port": "{{port}}",
					"path": [
						"api",
						"accessories",
						"list"
					]
				}
			},
			"response": []
		},
		{
			"name": "Available Accessories",
			"request": {
				"method": "GET",
				"header": [
					{
						"key": "Authorization",
						"value": "{{token}}",
						"type": "text"
					}
				],
				"url": {
					"raw": "http://{{domain}}:{{port}}/api/accessories/available",
					"protocol": "http",
					"host": [
						"{{domain}}"
					],
					"port": "{{port}}",
					"path": [
						"api",
						"accessories",
						"available"
					]
				}
			},
			"response": []
		},
		{
			"name": "Favorite Accessories",
			"request": {
				"method": "GET",
				"header": [
					{
						"key": "Authorization",
						"value": "{{token}}",
						"type": "text"
					}
				],
				"url": {
					"raw": "http://{{domain}}:{{port}}/api/accessories/favorites",
					"protocol": "http",
					"host": [
						"{{domain}}"
					],
					"port": "{{port}}",
					"path": [
						"api",
						"accessories",
						"favorites"
					]
				}
			},
			"response": []
		},
		{
			"name": "Get Layout",
			"request": {
				"method": "GET",
				"header": [
					{
						"key": "Authorization",
						"value": "{{token}}",
						"type": "text"
					}
				],
				"url": {
					"raw": "http://{{domain}}:{{port}}/api/layout",
					"protocol": "http",
					"host": [
						"{{domain}}"
					],
					"port": "{{port}}",
					"path": [
						"api",
						"layout"
					]
				}
			},
			"response": []
		}
	],
	"protocolProfileBehavior": {}
}