{
	"info": {
		"_postman_id": "4afa41fd-8e8c-4cfa-84d3-9d979809bf04",
		"name": "Authentication",
		"schema": "https://schema.getpostman.com/json/collection/v2.1.0/collection.json"
	},
	"item": [
		{
			"name": "Login",
			"event": [
				{
					"listen": "test",
					"script": {
						"id": "790c4bf3-5adc-4002-8501-9ede846b4ff0",
						"exec": [
							"postman.setEnvironmentVariable(\"token\", JSON.parse(responseBody).token);",
							""
						],
						"type": "text/javascript"
					}
				}
			],
			"request": {
				"method": "POST",
				"header": [
					{
						"key": "Content-Type",
						"name": "Content-Type",
						"value": "application/json",
						"type": "text"
					}
				],
				"body": {
					"mode": "raw",
					"raw": "{\n\t\"username\": \"{{username}}\",\n\t\"password\": \"{{password}}\"\n}",
					"options": {
						"raw": {
							"language": "json"
						}
					}
				},
				"url": {
					"raw": "http://{{domain}}:{{port}}/api/auth",
					"protocol": "http",
					"host": [
						"{{domain}}"
					],
					"port": "{{port}}",
					"path": [
						"api",
						"auth"
					]
				}
			},
			"response": []
		},
		{
			"name": "Status",
			"request": {
				"method": "GET",
				"header": [],
				"url": {
					"raw": "http://{{domain}}:{{port}}/api/auth",
					"protocol": "http",
					"host": [
						"{{domain}}"
					],
					"port": "{{port}}",
					"path": [
						"api",
						"auth"
					]
				}
			},
			"response": []
		},
		{
			"name": "Users",
			"request": {
				"method": "GET",
				"header": [
					{
						"key": "Authorization",
						"value": "{{token}}",
						"type": "text"
					}
				],
				"url": {
					"raw": "http://{{domain}}:{{port}}/api/users",
					"protocol": "http",
					"host": [
						"{{domain}}"
					],
					"port": "{{port}}",
					"path": [
						"api",
						"users"
					]
				}
			},
			"response": []
		}
	],
	"protocolProfileBehavior": {}
}