{
	"info": {
		"_postman_id": "8fef638c-0760-4152-b550-c675dd67007a",
		"name": "Configuration",
		"schema": "https://schema.getpostman.com/json/collection/v2.1.0/collection.json"
	},
	"item": [
		{
			"name": "Get Configuration",
			"request": {
				"method": "GET",
				"header": [
					{
						"key": "Authorization",
						"value": "{{token}}",
						"type": "text"
					}
				],
				"url": {
					"raw": "http://{{domain}}:{{port}}/api/config",
					"protocol": "http",
					"host": [
						"{{domain}}"
					],
					"port": "{{port}}",
					"path": [
						"api",
						"config"
					]
				}
			},
			"response": []
		},
		{
			"name": "Get Dashboard Layout",
			"request": {
				"method": "GET",
				"header": [
					{
						"key": "Authorization",
						"type": "text",
						"value": "{{token}}"
					}
				],
				"url": {
					"raw": "http://{{domain}}:{{port}}/api/layout/dashboard",
					"protocol": "http",
					"host": [
						"{{domain}}"
					],
					"port": "{{port}}",
					"path": [
						"api",
						"layout",
						"dashboard"
					]
				}
			},
			"response": []
		},
		{
			"name": "Get Client Configuration",
			"request": {
				"method": "GET",
				"header": [
					{
						"key": "Authorization",
						"value": "{{token}}",
						"type": "text"
					}
				],
				"url": {
					"raw": "http://{{domain}}:{{port}}/api/config/client",
					"protocol": "http",
					"host": [
						"{{domain}}"
					],
					"port": "{{port}}",
					"path": [
						"api",
						"config",
						"client"
					]
				}
			},
			"response": []
		}
	],
	"protocolProfileBehavior": {}
}