{
	"info": {
		"_postman_id": "3a3dd680-c70e-4c83-90ff-cd13188557a7",
		"name": "Plugins",
		"schema": "https://schema.getpostman.com/json/collection/v2.1.0/collection.json"
	},
	"item": [
		{
			"name": "Installed Plugins",
			"request": {
				"method": "GET",
				"header": [
					{
						"key": "Authorization",
						"value": "{{token}}",
						"type": "text"
					}
				],
				"url": {
					"raw": "http://{{domain}}:{{port}}/api/plugins",
					"protocol": "http",
					"host": [
						"{{domain}}"
					],
					"port": "{{port}}",
					"path": [
						"api",
						"plugins"
					]
				}
			},
			"response": []
		},
		{
			"name": "Plugin Install",
			"request": {
				"method": "PUT",
				"header": [
					{
						"key": "Authorization",
						"type": "text",
						"value": "{{token}}"
					}
				],
				"url": {
					"raw": "http://{{domain}}:{{port}}/api/plugins/homebridge-",
					"protocol": "http",
					"host": [
						"{{domain}}"
					],
					"port": "{{port}}",
					"path": [
						"api",
						"plugins",
						"homebridge-"
					]
				}
			},
			"response": []
		},
		{
			"name": "Plugin Update",
			"request": {
				"method": "POST",
				"header": [
					{
						"key": "Authorization",
						"type": "text",
						"value": "{{token}}"
					}
				],
				"url": {
					"raw": "http://{{domain}}:{{port}}/api/plugins/homebridge-",
					"protocol": "http",
					"host": [
						"{{domain}}"
					],
					"port": "{{port}}",
					"path": [
						"api",
						"plugins",
						"homebridge-"
					]
				}
			},
			"response": []
		},
		{
			"name": "Plugin Uninstall",
			"request": {
				"method": "DELETE",
				"header": [
					{
						"key": "Authorization",
						"type": "text",
						"value": "{{token}}"
					}
				],
				"url": {
					"raw": "http://{{domain}}:{{port}}/api/plugins/homebridge-",
					"protocol": "http",
					"host": [
						"{{domain}}"
					],
					"port": "{{port}}",
					"path": [
						"api",
						"plugins",
						"homebridge-"
					]
				}
			},
			"response": []
		},
		{
			"name": "Certified Categories",
			"request": {
				"method": "GET",
				"header": [
					{
						"key": "Authorization",
						"value": "{{token}}",
						"type": "text"
					}
				],
				"url": {
					"raw": "http://{{domain}}:{{port}}/api/plugins/certified/categories",
					"protocol": "http",
					"host": [
						"{{domain}}"
					],
					"port": "{{port}}",
					"path": [
						"api",
						"plugins",
						"certified",
						"categories"
					]
				}
			},
			"response": []
		}
	],
	"protocolProfileBehavior": {}
}