{
	"info": {
		"_postman_id": "5a337d00-3cae-4d08-a973-e2433b5b6b6d",
		"name": "Service",
		"schema": "https://schema.getpostman.com/json/collection/v2.1.0/collection.json"
	},
	"item": [
		{
			"name": "Status",
			"request": {
				"method": "GET",
				"header": [
					{
						"key": "Authorization",
						"type": "text",
						"value": "{{token}}"
					}
				],
				"url": {
					"raw": "http://{{domain}}:{{port}}/api/service",
					"protocol": "http",
					"host": [
						"{{domain}}"
					],
					"port": "{{port}}",
					"path": [
						"api",
						"service"
					]
				}
			},
			"response": []
		},
		{
			"name": "Start",
			"request": {
				"method": "POST",
				"header": [
					{
						"key": "Authorization",
						"type": "text",
						"value": "{{token}}"
					}
				],
				"url": {
					"raw": "http://{{domain}}:{{port}}/api/service/start",
					"protocol": "http",
					"host": [
						"{{domain}}"
					],
					"port": "{{port}}",
					"path": [
						"api",
						"service",
						"start"
					]
				}
			},
			"response": []
		},
		{
			"name": "Stop",
			"request": {
				"method": "POST",
				"header": [
					{
						"key": "Authorization",
						"type": "text",
						"value": "{{token}}"
					}
				],
				"url": {
					"raw": "http://{{domain}}:{{port}}/api/service/stop",
					"protocol": "http",
					"host": [
						"{{domain}}"
					],
					"port": "{{port}}",
					"path": [
						"api",
						"service",
						"stop"
					]
				}
			},
			"response": []
		},
		{
			"name": "Restart",
			"request": {
				"method": "POST",
				"header": [
					{
						"key": "Authorization",
						"type": "text",
						"value": "{{token}}"
					}
				],
				"url": {
					"raw": "http://{{domain}}:{{port}}/api/service/restart",
					"protocol": "http",
					"host": [
						"{{domain}}"
					],
					"port": "{{port}}",
					"path": [
						"api",
						"service",
						"restart"
					]
				}
			},
			"response": []
		},
		{
			"name": "Clean",
			"request": {
				"method": "POST",
				"header": [
					{
						"key": "Authorization",
						"type": "text",
						"value": "{{token}}"
					}
				],
				"url": {
					"raw": "http://{{domain}}:{{port}}/api/service/clean",
					"protocol": "http",
					"host": [
						"{{domain}}"
					],
					"port": "{{port}}",
					"path": [
						"api",
						"service",
						"clean"
					]
				}
			},
			"response": []
		}
	],
	"protocolProfileBehavior": {}
}