{
	"info": {
		"_postman_id": "a03c4bc9-c296-4ce9-b5d7-d9bf5b68eb7a",
		"name": "System",
		"schema": "https://schema.getpostman.com/json/collection/v2.1.0/collection.json"
	},
	"item": [
		{
			"name": "Status",
			"request": {
				"method": "GET",
				"header": [
					{
						"key": "Authorization",
						"value": "{{token}}",
						"type": "text"
					}
				],
				"url": {
					"raw": "http://{{domain}}:{{port}}/api/status",
					"protocol": "http",
					"host": [
						"{{domain}}"
					],
					"port": "{{port}}",
					"path": [
						"api",
						"status"
					]
				}
			},
			"response": []
		},
		{
			"name": "System",
			"request": {
				"method": "GET",
				"header": [
					{
						"key": "Authorization",
						"type": "text",
						"value": "{{token}}"
					}
				],
				"url": {
					"raw": "http://{{domain}}:{{port}}/api/system",
					"protocol": "http",
					"host": [
						"{{domain}}"
					],
					"port": "{{port}}",
					"path": [
						"api",
						"system"
					]
				}
			},
			"response": []
		},
		{
			"name": "CPU",
			"request": {
				"method": "GET",
				"header": [
					{
						"key": "Authorization",
						"type": "text",
						"value": "{{token}}"
					}
				],
				"url": {
					"raw": "http://{{domain}}:{{port}}/api/system/cpu",
					"protocol": "http",
					"host": [
						"{{domain}}"
					],
					"port": "{{port}}",
					"path": [
						"api",
						"system",
						"cpu"
					]
				}
			},
			"response": []
		},
		{
			"name": "Memory",
			"request": {
				"method": "GET",
				"header": [
					{
						"key": "Authorization",
						"type": "text",
						"value": "{{token}}"
					}
				],
				"url": {
					"raw": "http://{{domain}}:{{port}}/api/system/memory",
					"protocol": "http",
					"host": [
						"{{domain}}"
					],
					"port": "{{port}}",
					"path": [
						"api",
						"system",
						"memory"
					]
				}
			},
			"response": []
		},
		{
			"name": "File System",
			"request": {
				"method": "GET",
				"header": [
					{
						"key": "Authorization",
						"type": "text",
						"value": "{{token}}"
					}
				],
				"url": {
					"raw": "http://{{domain}}:{{port}}/api/system/filesystem",
					"protocol": "http",
					"host": [
						"{{domain}}"
					],
					"port": "{{port}}",
					"path": [
						"api",
						"system",
						"filesystem"
					]
				}
			},
			"response": []
		},
		{
			"name": "Activity",
			"request": {
				"method": "GET",
				"header": [
					{
						"key": "Authorization",
						"type": "text",
						"value": "{{token}}"
					}
				],
				"url": {
					"raw": "http://{{domain}}:{{port}}/api/system/activity",
					"protocol": "http",
					"host": [
						"{{domain}}"
					],
					"port": "{{port}}",
					"path": [
						"api",
						"system",
						"activity"
					]
				}
			},
			"response": []
		},
		{
			"name": "Releases",
			"request": {
				"method": "GET",
				"header": [
					{
						"key": "Authorization",
						"type": "text",
						"value": "{{token}}"
					}
				],
				"url": {
					"raw": "http://{{domain}}:{{port}}/api/system/releases",
					"protocol": "http",
					"host": [
						"{{domain}}"
					],
					"port": "{{port}}",
					"path": [
						"api",
						"system",
						"releases"
					]
				}
			},
			"response": []
		},
		{
			"name": "Updates",
			"request": {
				"method": "GET",
				"header": [
					{
						"key": "Authorization",
						"type": "text",
						"value": "{{token}}"
					}
				],
				"url": {
					"raw": "http://{{domain}}:{{port}}/api/system/updates",
					"protocol": "http",
					"host": [
						"{{domain}}"
					],
					"port": "{{port}}",
					"path": [
						"api",
						"system",
						"updates"
					]
				}
			},
			"response": []
		},
		{
			"name": "Temprature",
			"request": {
				"method": "GET",
				"header": [
					{
						"key": "Authorization",
						"type": "text",
						"value": "{{token}}"
					}
				],
				"url": {
					"raw": "http://{{domain}}:{{port}}/api/system/temp",
					"protocol": "http",
					"host": [
						"{{domain}}"
					],
					"port": "{{port}}",
					"path": [
						"api",
						"system",
						"temp"
					]
				}
			},
			"response": []
		},
		{
			"name": "Reboot",
			"request": {
				"method": "PUT",
				"header": [
					{
						"key": "Authorization",
						"type": "text",
						"value": "{{token}}"
					}
				],
				"url": {
					"raw": "http://{{domain}}:{{port}}/api/reboot",
					"protocol": "http",
					"host": [
						"{{domain}}"
					],
					"port": "{{port}}",
					"path": [
						"api",
						"reboot"
					]
				}
			},
			"response": []
		},
		{
			"name": "Update",
			"request": {
				"method": "PUT",
				"header": [
					{
						"key": "Authorization",
						"type": "text",
						"value": "{{token}}"
					}
				],
				"url": {
					"raw": "http://{{domain}}:{{port}}/api/update",
					"protocol": "http",
					"host": [
						"{{domain}}"
					],
					"port": "{{port}}",
					"path": [
						"api",
						"update"
					]
				}
			},
			"response": []
		}
	],
	"protocolProfileBehavior": {}
}